1343UNTA85	1	yopE	pCD1
1343UNTA85	1	yopK/yopQ	pCD1
1343UNTA85	1	yopT	pCD1
1343UNTA85	1	yopM	pCD1
1343UNTA85	1	yopD	pCD1
1343UNTA85	1	yopB	pCD1
1343UNTA85	1	lcrV	pCD1
1343UNTA85	1	lcrG	pCD1
1343UNTA85	1	lcrR	pCD1
1343UNTA85	1	yscV	pCD1
1343UNTA85	1	yscY	pCD1
1343UNTA85	1	yscX	pCD1
1343UNTA85	1	sycN	pCD1
1343UNTA85	1	tyeA	pCD1
1343UNTA85	1	lcrE	pCD1
1343UNTA85	1	yscN	pCD1
1343UNTA85	1	yscO	pCD1
1343UNTA85	1	yscP	pCD1
1343UNTA85	1	yscQ	pCD1
1343UNTA85	1	yscR	pCD1
1343UNTA85	1	yscS	pCD1
1343UNTA85	1	yscT	pCD1
1343UNTA85	1	yscU	pCD1
1343UNTA85	1	virG	pCD1
1343UNTA85	1	virF	pCD1
1343UNTA85	1	yscB	pCD1
1343UNTA85	1	yscC	pCD1
1343UNTA85	1	yscG	pCD1
1343UNTA85	1	yopR	pCD1
1343UNTA85	1	lcrO	pCD1
1343UNTA85	1	ylpB	pCD1
1343UNTA85	1	yscK	pCD1
1343UNTA85	1	yscL	pCD1
1343UNTA85	1	yopH	pCD1
1343UNTA85	1	yopJ	pCD1
1343UNTA85	1	ypkA	pCD1
1343UNTA85	1	yadA%27	pCD1
6POST	1	yopE	pCD1
6POST	1	yopK/yopQ	pCD1
6POST	1	yopT	pCD1
6POST	1	yopM	pCD1
6POST	0.9956522	yopD	pCD1
6POST	1	yopB	pCD1
6POST	1	lcrV	pCD1
6POST	1	lcrG	pCD1
6POST	1	lcrR	pCD1
6POST	0.9914854	yscV	pCD1
6POST	1	yscY	pCD1
6POST	1	yscX	pCD1
6POST	1	sycN	pCD1
6POST	1	tyeA	pCD1
6POST	1	lcrE	pCD1
6POST	0.9962093	yscN	pCD1
6POST	1	yscO	pCD1
6POST	1	yscP	pCD1
6POST	1	yscQ	pCD1
6POST	1	yscR	pCD1
6POST	1	yscS	pCD1
6POST	1	yscT	pCD1
6POST	1	yscU	pCD1
6POST	1	virG	pCD1
6POST	1	virF	pCD1
6POST	1	yscB	pCD1
6POST	1	yscC	pCD1
6POST	1	yscG	pCD1
6POST	1	yopR	pCD1
6POST	1	lcrO	pCD1
6POST	1	ylpB	pCD1
6POST	1	yscK	pCD1
6POST	1	yscL	pCD1
6POST	1	yopH	pCD1
6POST	1	yopJ	pCD1
6POST	1	ypkA	pCD1
6POST	1	yadA%27	pCD1
ARS007	1	yopE	pCD1
ARS007	0.8138686	yopK/yopQ	pCD1
ARS007	0.963843	yopT	pCD1
ARS007	0.9096827	yopM	pCD1
ARS007	0.9717391	yopD	pCD1
ARS007	0.9004149	yopB	pCD1
ARS007	0.9122449	lcrV	pCD1
ARS007	0.9198606	lcrG	pCD1
ARS007	0.9409091	lcrR	pCD1
ARS007	0.9441816	yscV	pCD1
ARS007	0.9796512	yscY	pCD1
ARS007	1	yscX	pCD1
ARS007	1	sycN	pCD1
ARS007	1	tyeA	pCD1
ARS007	0.984109	lcrE	pCD1
ARS007	0.9454132	yscN	pCD1
ARS007	0.9956896	yscO	pCD1
ARS007	0.9597659	yscP	pCD1
ARS007	0.9956663	yscQ	pCD1
ARS007	0.9372129	yscR	pCD1
ARS007	1	yscS	pCD1
ARS007	0.9643312	yscT	pCD1
ARS007	0.9661654	yscU	pCD1
ARS007	0.8734177	virG	pCD1
ARS007	0.9631902	virF	pCD1
ARS007	0.9418886	yscB	pCD1
ARS007	0.9577619	yscC	pCD1
ARS007	1	yscG	pCD1
ARS007	0.8873239	yopR	pCD1
ARS007	0.9711816	lcrO	pCD1
ARS007	0.9659401	ylpB	pCD1
ARS007	0.9666137	yscK	pCD1
ARS007	1	yscL	pCD1
ARS007	0.985064	yopH	pCD1
ARS007	0.8706697	yopJ	pCD1
ARS007	0.9795268	ypkA	pCD1
ARS007	0.9570222	yadA%27	pCD1
CHC004	0.9969651	yopE	pCD1
CHC004	0.9069343	yopK/yopQ	pCD1
CHC004	1	yopT	pCD1
CHC004	1	yopM	pCD1
CHC004	1	yopD	pCD1
CHC004	0.9676349	yopB	pCD1
CHC004	0.9846939	lcrV	pCD1
CHC004	1	lcrG	pCD1
CHC004	1	lcrR	pCD1
CHC004	1	yscV	pCD1
CHC004	1	yscY	pCD1
CHC004	1	yscX	pCD1
CHC004	1	sycN	pCD1
CHC004	1	tyeA	pCD1
CHC004	1	lcrE	pCD1
CHC004	1	yscN	pCD1
CHC004	1	yscO	pCD1
CHC004	1	yscP	pCD1
CHC004	0.9934995	yscQ	pCD1
CHC004	0.992343	yscR	pCD1
CHC004	1	yscS	pCD1
CHC004	1	yscT	pCD1
CHC004	1	yscU	pCD1
CHC004	0.9544304	virG	pCD1
CHC004	0.997546	virF	pCD1
CHC004	1	yscB	pCD1
CHC004	0.9961601	yscC	pCD1
CHC004	1	yscG	pCD1
CHC004	0.9698189	yopR	pCD1
CHC004	0.9855908	lcrO	pCD1
CHC004	1	ylpB	pCD1
CHC004	1	yscK	pCD1
CHC004	1	yscL	pCD1
CHC004	1	yopH	pCD1
CHC004	0.9515011	yopJ	pCD1
CHC004	1	ypkA	pCD1
CHC004	0.9946278	yadA%27	pCD1
CO92	1	yopE	pCD1
CO92	1	yopK/yopQ	pCD1
CO92	1	yopT	pCD1
CO92	1	yopM	pCD1
CO92	1	yopD	pCD1
CO92	1	yopB	pCD1
CO92	1	lcrV	pCD1
CO92	1	lcrG	pCD1
CO92	1	lcrR	pCD1
CO92	1	yscV	pCD1
CO92	1	yscY	pCD1
CO92	1	yscX	pCD1
CO92	1	sycN	pCD1
CO92	1	tyeA	pCD1
CO92	1	lcrE	pCD1
CO92	1	yscN	pCD1
CO92	1	yscO	pCD1
CO92	1	yscP	pCD1
CO92	1	yscQ	pCD1
CO92	1	yscR	pCD1
CO92	1	yscS	pCD1
CO92	1	yscT	pCD1
CO92	1	yscU	pCD1
CO92	1	virG	pCD1
CO92	1	virF	pCD1
CO92	1	yscB	pCD1
CO92	1	yscC	pCD1
CO92	1	yscG	pCD1
CO92	1	yopR	pCD1
CO92	1	lcrO	pCD1
CO92	1	ylpB	pCD1
CO92	1	yscK	pCD1
CO92	1	yscL	pCD1
CO92	1	yopH	pCD1
CO92	1	yopJ	pCD1
CO92	1	ypkA	pCD1
CO92	1	yadA%27	pCD1
GEN_72	1	yopE	pCD1
GEN_72	0.9087591	yopK/yopQ	pCD1
GEN_72	1	yopT	pCD1
GEN_72	0.9894223	yopM	pCD1
GEN_72	1	yopD	pCD1
GEN_72	0.9991701	yopB	pCD1
GEN_72	0.922449	lcrV	pCD1
GEN_72	1	lcrG	pCD1
GEN_72	1	lcrR	pCD1
GEN_72	1	yscV	pCD1
GEN_72	1	yscY	pCD1
GEN_72	1	yscX	pCD1
GEN_72	1	sycN	pCD1
GEN_72	1	tyeA	pCD1
GEN_72	1	lcrE	pCD1
GEN_72	0.9946929	yscN	pCD1
GEN_72	1	yscO	pCD1
GEN_72	1	yscP	pCD1
GEN_72	1	yscQ	pCD1
GEN_72	1	yscR	pCD1
GEN_72	1	yscS	pCD1
GEN_72	1	yscT	pCD1
GEN_72	1	yscU	pCD1
GEN_72	1	virG	pCD1
GEN_72	1	virF	pCD1
GEN_72	1	yscB	pCD1
GEN_72	1	yscC	pCD1
GEN_72	1	yscG	pCD1
GEN_72	0.9919517	yopR	pCD1
GEN_72	1	lcrO	pCD1
GEN_72	1	ylpB	pCD1
GEN_72	1	yscK	pCD1
GEN_72	1	yscL	pCD1
GEN_72	1	yopH	pCD1
GEN_72	0.9168591	yopJ	pCD1
GEN_72	1	ypkA	pCD1
GEN_72	0.9992325	yadA%27	pCD1
GLZ001	1	yopE	pCD1
GLZ001	0.8540146	yopK/yopQ	pCD1
GLZ001	0.9989669	yopT	pCD1
GLZ001	0.9894223	yopM	pCD1
GLZ001	1	yopD	pCD1
GLZ001	0.9560166	yopB	pCD1
GLZ001	0.9867347	lcrV	pCD1
GLZ001	1	lcrG	pCD1
GLZ001	1	lcrR	pCD1
GLZ001	1	yscV	pCD1
GLZ001	1	yscY	pCD1
GLZ001	1	yscX	pCD1
GLZ001	1	sycN	pCD1
GLZ001	1	tyeA	pCD1
GLZ001	1	lcrE	pCD1
GLZ001	1	yscN	pCD1
GLZ001	1	yscO	pCD1
GLZ001	1	yscP	pCD1
GLZ001	1	yscQ	pCD1
GLZ001	1	yscR	pCD1
GLZ001	1	yscS	pCD1
GLZ001	1	yscT	pCD1
GLZ001	1	yscU	pCD1
GLZ001	1	virG	pCD1
GLZ001	1	virF	pCD1
GLZ001	1	yscB	pCD1
GLZ001	1	yscC	pCD1
GLZ001	1	yscG	pCD1
GLZ001	0.973843	yopR	pCD1
GLZ001	1	lcrO	pCD1
GLZ001	1	ylpB	pCD1
GLZ001	1	yscK	pCD1
GLZ001	1	yscL	pCD1
GLZ001	1	yopH	pCD1
GLZ001	0.9549654	yopJ	pCD1
GLZ001	1	ypkA	pCD1
GLZ001	1	yadA%27	pCD1
GLZ002	1	yopE	pCD1
GLZ002	0.9288321	yopK/yopQ	pCD1
GLZ002	1	yopT	pCD1
GLZ002	1	yopM	pCD1
GLZ002	1	yopD	pCD1
GLZ002	0.946888	yopB	pCD1
GLZ002	1	lcrV	pCD1
GLZ002	1	lcrG	pCD1
GLZ002	1	lcrR	pCD1
GLZ002	1	yscV	pCD1
GLZ002	1	yscY	pCD1
GLZ002	1	yscX	pCD1
GLZ002	1	sycN	pCD1
GLZ002	1	tyeA	pCD1
GLZ002	1	lcrE	pCD1
GLZ002	1	yscN	pCD1
GLZ002	1	yscO	pCD1
GLZ002	1	yscP	pCD1
GLZ002	1	yscQ	pCD1
GLZ002	1	yscR	pCD1
GLZ002	1	yscS	pCD1
GLZ002	1	yscT	pCD1
GLZ002	1	yscU	pCD1
GLZ002	1	virG	pCD1
GLZ002	1	virF	pCD1
GLZ002	1	yscB	pCD1
GLZ002	1	yscC	pCD1
GLZ002	1	yscG	pCD1
GLZ002	1	yopR	pCD1
GLZ002	1	lcrO	pCD1
GLZ002	1	ylpB	pCD1
GLZ002	1	yscK	pCD1
GLZ002	1	yscL	pCD1
GLZ002	1	yopH	pCD1
GLZ002	1	yopJ	pCD1
GLZ002	1	ypkA	pCD1
GLZ002	1	yadA%27	pCD1
GRS004	1	yopE	pCD1
GRS004	0.9908759	yopK/yopQ	pCD1
GRS004	1	yopT	pCD1
GRS004	1	yopM	pCD1
GRS004	1	yopD	pCD1
GRS004	0.9966805	yopB	pCD1
GRS004	0.9989796	lcrV	pCD1
GRS004	1	lcrG	pCD1
GRS004	1	lcrR	pCD1
GRS004	0.9971618	yscV	pCD1
GRS004	1	yscY	pCD1
GRS004	1	yscX	pCD1
GRS004	1	sycN	pCD1
GRS004	1	tyeA	pCD1
GRS004	1	lcrE	pCD1
GRS004	1	yscN	pCD1
GRS004	1	yscO	pCD1
GRS004	1	yscP	pCD1
GRS004	1	yscQ	pCD1
GRS004	1	yscR	pCD1
GRS004	1	yscS	pCD1
GRS004	1	yscT	pCD1
GRS004	1	yscU	pCD1
GRS004	1	virG	pCD1
GRS004	0.995092	virF	pCD1
GRS004	1	yscB	pCD1
GRS004	1	yscC	pCD1
GRS004	1	yscG	pCD1
GRS004	1	yopR	pCD1
GRS004	1	lcrO	pCD1
GRS004	1	ylpB	pCD1
GRS004	1	yscK	pCD1
GRS004	1	yscL	pCD1
GRS004	1	yopH	pCD1
GRS004	1	yopJ	pCD1
GRS004	1	ypkA	pCD1
GRS004	1	yadA%27	pCD1
Gyvakarai	1	yopE	pCD1
Gyvakarai	1	yopK/yopQ	pCD1
Gyvakarai	1	yopT	pCD1
Gyvakarai	1	yopM	pCD1
Gyvakarai	1	yopD	pCD1
Gyvakarai	1	yopB	pCD1
Gyvakarai	1	lcrV	pCD1
Gyvakarai	1	lcrG	pCD1
Gyvakarai	1	lcrR	pCD1
Gyvakarai	1	yscV	pCD1
Gyvakarai	1	yscY	pCD1
Gyvakarai	1	yscX	pCD1
Gyvakarai	1	sycN	pCD1
Gyvakarai	1	tyeA	pCD1
Gyvakarai	1	lcrE	pCD1
Gyvakarai	1	yscN	pCD1
Gyvakarai	1	yscO	pCD1
Gyvakarai	1	yscP	pCD1
Gyvakarai	1	yscQ	pCD1
Gyvakarai	1	yscR	pCD1
Gyvakarai	1	yscS	pCD1
Gyvakarai	1	yscT	pCD1
Gyvakarai	1	yscU	pCD1
Gyvakarai	1	virG	pCD1
Gyvakarai	1	virF	pCD1
Gyvakarai	1	yscB	pCD1
Gyvakarai	1	yscC	pCD1
Gyvakarai	1	yscG	pCD1
Gyvakarai	1	yopR	pCD1
Gyvakarai	1	lcrO	pCD1
Gyvakarai	1	ylpB	pCD1
Gyvakarai	1	yscK	pCD1
Gyvakarai	1	yscL	pCD1
Gyvakarai	1	yopH	pCD1
Gyvakarai	1	yopJ	pCD1
Gyvakarai	1	ypkA	pCD1
Gyvakarai	1	yadA%27	pCD1
HOP001	1	yopE	pCD1
HOP001	0.9416059	yopK/yopQ	pCD1
HOP001	1	yopT	pCD1
HOP001	1	yopM	pCD1
HOP001	1	yopD	pCD1
HOP001	1	yopB	pCD1
HOP001	0.9979592	lcrV	pCD1
HOP001	1	lcrG	pCD1
HOP001	1	lcrR	pCD1
HOP001	1	yscV	pCD1
HOP001	1	yscY	pCD1
HOP001	1	yscX	pCD1
HOP001	1	sycN	pCD1
HOP001	1	tyeA	pCD1
HOP001	1	lcrE	pCD1
HOP001	1	yscN	pCD1
HOP001	1	yscO	pCD1
HOP001	1	yscP	pCD1
HOP001	1	yscQ	pCD1
HOP001	1	yscR	pCD1
HOP001	1	yscS	pCD1
HOP001	1	yscT	pCD1
HOP001	1	yscU	pCD1
HOP001	1	virG	pCD1
HOP001	1	virF	pCD1
HOP001	1	yscB	pCD1
HOP001	1	yscC	pCD1
HOP001	1	yscG	pCD1
HOP001	1	yopR	pCD1
HOP001	1	lcrO	pCD1
HOP001	1	ylpB	pCD1
HOP001	1	yscK	pCD1
HOP001	1	yscL	pCD1
HOP001	1	yopH	pCD1
HOP001	1	yopJ	pCD1
HOP001	1	ypkA	pCD1
HOP001	1	yadA%27	pCD1
HOP004	1	yopE	pCD1
HOP004	1	yopK/yopQ	pCD1
HOP004	1	yopT	pCD1
HOP004	1	yopM	pCD1
HOP004	1	yopD	pCD1
HOP004	1	yopB	pCD1
HOP004	1	lcrV	pCD1
HOP004	1	lcrG	pCD1
HOP004	1	lcrR	pCD1
HOP004	1	yscV	pCD1
HOP004	1	yscY	pCD1
HOP004	1	yscX	pCD1
HOP004	1	sycN	pCD1
HOP004	1	tyeA	pCD1
HOP004	1	lcrE	pCD1
HOP004	1	yscN	pCD1
HOP004	1	yscO	pCD1
HOP004	1	yscP	pCD1
HOP004	1	yscQ	pCD1
HOP004	1	yscR	pCD1
HOP004	1	yscS	pCD1
HOP004	1	yscT	pCD1
HOP004	1	yscU	pCD1
HOP004	1	virG	pCD1
HOP004	1	virF	pCD1
HOP004	1	yscB	pCD1
HOP004	1	yscC	pCD1
HOP004	1	yscG	pCD1
HOP004	1	yopR	pCD1
HOP004	1	lcrO	pCD1
HOP004	1	ylpB	pCD1
HOP004	1	yscK	pCD1
HOP004	1	yscL	pCD1
HOP004	1	yopH	pCD1
HOP004	1	yopJ	pCD1
HOP004	1	ypkA	pCD1
HOP004	1	yadA%27	pCD1
I2470	1	yopE	pCD1
I2470	0.9689781	yopK/yopQ	pCD1
I2470	1	yopT	pCD1
I2470	1	yopM	pCD1
I2470	1	yopD	pCD1
I2470	0.9684647	yopB	pCD1
I2470	1	lcrV	pCD1
I2470	1	lcrG	pCD1
I2470	1	lcrR	pCD1
I2470	1	yscV	pCD1
I2470	1	yscY	pCD1
I2470	1	yscX	pCD1
I2470	1	sycN	pCD1
I2470	1	tyeA	pCD1
I2470	1	lcrE	pCD1
I2470	1	yscN	pCD1
I2470	1	yscO	pCD1
I2470	1	yscP	pCD1
I2470	1	yscQ	pCD1
I2470	1	yscR	pCD1
I2470	1	yscS	pCD1
I2470	1	yscT	pCD1
I2470	1	yscU	pCD1
I2470	1	virG	pCD1
I2470	1	virF	pCD1
I2470	1	yscB	pCD1
I2470	1	yscC	pCD1
I2470	1	yscG	pCD1
I2470	1	yopR	pCD1
I2470	1	lcrO	pCD1
I2470	1	ylpB	pCD1
I2470	1	yscK	pCD1
I2470	1	yscL	pCD1
I2470	1	yopH	pCD1
I2470	1	yopJ	pCD1
I2470	1	ypkA	pCD1
I2470	1	yadA%27	pCD1
I5884	1	yopE	pCD1
I5884	1	yopK/yopQ	pCD1
I5884	1	yopT	pCD1
I5884	1	yopM	pCD1
I5884	1	yopD	pCD1
I5884	1	yopB	pCD1
I5884	1	lcrV	pCD1
I5884	1	lcrG	pCD1
I5884	1	lcrR	pCD1
I5884	0.9976348	yscV	pCD1
I5884	1	yscY	pCD1
I5884	1	yscX	pCD1
I5884	1	sycN	pCD1
I5884	1	tyeA	pCD1
I5884	1	lcrE	pCD1
I5884	1	yscN	pCD1
I5884	1	yscO	pCD1
I5884	1	yscP	pCD1
I5884	1	yscQ	pCD1
I5884	0.9892802	yscR	pCD1
I5884	1	yscS	pCD1
I5884	1	yscT	pCD1
I5884	1	yscU	pCD1
I5884	0.9645569	virG	pCD1
I5884	0.998773	virF	pCD1
I5884	1	yscB	pCD1
I5884	1	yscC	pCD1
I5884	1	yscG	pCD1
I5884	1	yopR	pCD1
I5884	1	lcrO	pCD1
I5884	1	ylpB	pCD1
I5884	1	yscK	pCD1
I5884	1	yscL	pCD1
I5884	1	yopH	pCD1
I5884	1	yopJ	pCD1
I5884	1	ypkA	pCD1
I5884	1	yadA%27	pCD1
KLE031	1	yopE	pCD1
KLE031	0.979927	yopK/yopQ	pCD1
KLE031	1	yopT	pCD1
KLE031	1	yopM	pCD1
KLE031	1	yopD	pCD1
KLE031	0.9717842	yopB	pCD1
KLE031	1	lcrV	pCD1
KLE031	1	lcrG	pCD1
KLE031	1	lcrR	pCD1
KLE031	1	yscV	pCD1
KLE031	1	yscY	pCD1
KLE031	1	yscX	pCD1
KLE031	1	sycN	pCD1
KLE031	1	tyeA	pCD1
KLE031	1	lcrE	pCD1
KLE031	1	yscN	pCD1
KLE031	1	yscO	pCD1
KLE031	1	yscP	pCD1
KLE031	1	yscQ	pCD1
KLE031	0.9800919	yscR	pCD1
KLE031	1	yscS	pCD1
KLE031	1	yscT	pCD1
KLE031	1	yscU	pCD1
KLE031	1	virG	pCD1
KLE031	0.993865	virF	pCD1
KLE031	1	yscB	pCD1
KLE031	1	yscC	pCD1
KLE031	1	yscG	pCD1
KLE031	0.9879276	yopR	pCD1
KLE031	1	lcrO	pCD1
KLE031	1	ylpB	pCD1
KLE031	1	yscK	pCD1
KLE031	1	yscL	pCD1
KLE031	1	yopH	pCD1
KLE031	0.9722864	yopJ	pCD1
KLE031	1	ypkA	pCD1
KLE031	1	yadA%27	pCD1
KLE048	1	yopE	pCD1
KLE048	0.9525548	yopK/yopQ	pCD1
KLE048	1	yopT	pCD1
KLE048	1	yopM	pCD1
KLE048	1	yopD	pCD1
KLE048	0.9784232	yopB	pCD1
KLE048	0.9959184	lcrV	pCD1
KLE048	1	lcrG	pCD1
KLE048	1	lcrR	pCD1
KLE048	1	yscV	pCD1
KLE048	1	yscY	pCD1
KLE048	1	yscX	pCD1
KLE048	1	sycN	pCD1
KLE048	1	tyeA	pCD1
KLE048	1	lcrE	pCD1
KLE048	1	yscN	pCD1
KLE048	1	yscO	pCD1
KLE048	1	yscP	pCD1
KLE048	1	yscQ	pCD1
KLE048	1	yscR	pCD1
KLE048	1	yscS	pCD1
KLE048	1	yscT	pCD1
KLE048	1	yscU	pCD1
KLE048	1	virG	pCD1
KLE048	1	virF	pCD1
KLE048	1	yscB	pCD1
KLE048	1	yscC	pCD1
KLE048	1	yscG	pCD1
KLE048	1	yopR	pCD1
KLE048	1	lcrO	pCD1
KLE048	1	ylpB	pCD1
KLE048	1	yscK	pCD1
KLE048	1	yscL	pCD1
KLE048	1	yopH	pCD1
KLE048	1	yopJ	pCD1
KLE048	1	ypkA	pCD1
KLE048	1	yadA%27	pCD1
KLZ001	1	yopE	pCD1
KLZ001	0.8430657	yopK/yopQ	pCD1
KLZ001	0.9762397	yopT	pCD1
KLZ001	1	yopM	pCD1
KLZ001	0.9847826	yopD	pCD1
KLZ001	0.9576764	yopB	pCD1
KLZ001	0.9255102	lcrV	pCD1
KLZ001	1	lcrG	pCD1
KLZ001	1	lcrR	pCD1
KLZ001	0.9985809	yscV	pCD1
KLZ001	1	yscY	pCD1
KLZ001	1	yscX	pCD1
KLZ001	1	sycN	pCD1
KLZ001	1	tyeA	pCD1
KLZ001	1	lcrE	pCD1
KLZ001	0.9954511	yscN	pCD1
KLZ001	0.987069	yscO	pCD1
KLZ001	0.9919532	yscP	pCD1
KLZ001	0.9956663	yscQ	pCD1
KLZ001	1	yscR	pCD1
KLZ001	1	yscS	pCD1
KLZ001	1	yscT	pCD1
KLZ001	1	yscU	pCD1
KLZ001	0.9544304	virG	pCD1
KLZ001	1	virF	pCD1
KLZ001	1	yscB	pCD1
KLZ001	1	yscC	pCD1
KLZ001	0.9971182	yscG	pCD1
KLZ001	0.9899396	yopR	pCD1
KLZ001	1	lcrO	pCD1
KLZ001	0.979564	ylpB	pCD1
KLZ001	0.9984102	yscK	pCD1
KLZ001	0.9278196	yscL	pCD1
KLZ001	0.9907539	yopH	pCD1
KLZ001	0.9307159	yopJ	pCD1
KLZ001	0.9954504	ypkA	pCD1
KLZ001	0.9677667	yadA%27	pCD1
KNK001	0.9848255	yopE	pCD1
KNK001	0.5437956	yopK/yopQ	pCD1
KNK001	1	yopT	pCD1
KNK001	0.9731489	yopM	pCD1
KNK001	0.9684783	yopD	pCD1
KNK001	0.9161826	yopB	pCD1
KNK001	0.8846939	lcrV	pCD1
KNK001	1	lcrG	pCD1
KNK001	0.9681818	lcrR	pCD1
KNK001	0.9668874	yscV	pCD1
KNK001	1	yscY	pCD1
KNK001	1	yscX	pCD1
KNK001	1	sycN	pCD1
KNK001	1	tyeA	pCD1
KNK001	1	lcrE	pCD1
KNK001	0.9818044	yscN	pCD1
KNK001	0.9978448	yscO	pCD1
KNK001	1	yscP	pCD1
KNK001	0.9945829	yscQ	pCD1
KNK001	0.8575804	yscR	pCD1
KNK001	0.9699248	yscS	pCD1
KNK001	1	yscT	pCD1
KNK001	0.9896616	yscU	pCD1
KNK001	0.9341772	virG	pCD1
KNK001	0.9926381	virF	pCD1
KNK001	1	yscB	pCD1
KNK001	0.9665387	yscC	pCD1
KNK001	1	yscG	pCD1
KNK001	0.9356137	yopR	pCD1
KNK001	0.9913545	lcrO	pCD1
KNK001	0.9264305	ylpB	pCD1
KNK001	1	yscK	pCD1
KNK001	0.9864662	yscL	pCD1
KNK001	0.982219	yopH	pCD1
KNK001	0.7401848	yopJ	pCD1
KNK001	0.9899909	ypkA	pCD1
KNK001	1	yadA%27	pCD1
KunilaII	1	yopE	pCD1
KunilaII	1	yopK/yopQ	pCD1
KunilaII	0.9969008	yopT	pCD1
KunilaII	1	yopM	pCD1
KunilaII	1	yopD	pCD1
KunilaII	1	yopB	pCD1
KunilaII	1	lcrV	pCD1
KunilaII	1	lcrG	pCD1
KunilaII	1	lcrR	pCD1
KunilaII	0.9943236	yscV	pCD1
KunilaII	0.9593023	yscY	pCD1
KunilaII	1	yscX	pCD1
KunilaII	1	sycN	pCD1
KunilaII	1	tyeA	pCD1
KunilaII	1	lcrE	pCD1
KunilaII	1	yscN	pCD1
KunilaII	1	yscO	pCD1
KunilaII	1	yscP	pCD1
KunilaII	0.9891658	yscQ	pCD1
KunilaII	1	yscR	pCD1
KunilaII	1	yscS	pCD1
KunilaII	1	yscT	pCD1
KunilaII	1	yscU	pCD1
KunilaII	1	virG	pCD1
KunilaII	1	virF	pCD1
KunilaII	1	yscB	pCD1
KunilaII	0.9835436	yscC	pCD1
KunilaII	1	yscG	pCD1
KunilaII	1	yopR	pCD1
KunilaII	1	lcrO	pCD1
KunilaII	1	ylpB	pCD1
KunilaII	1	yscK	pCD1
KunilaII	1	yscL	pCD1
KunilaII	0.9950213	yopH	pCD1
KunilaII	1	yopJ	pCD1
KunilaII	0.9913558	ypkA	pCD1
KunilaII	1	yadA%27	pCD1
KZL002	1	yopE	pCD1
KZL002	1	yopK/yopQ	pCD1
KZL002	1	yopT	pCD1
KZL002	1	yopM	pCD1
KZL002	1	yopD	pCD1
KZL002	0.9809129	yopB	pCD1
KZL002	1	lcrV	pCD1
KZL002	1	lcrG	pCD1
KZL002	1	lcrR	pCD1
KZL002	1	yscV	pCD1
KZL002	1	yscY	pCD1
KZL002	1	yscX	pCD1
KZL002	1	sycN	pCD1
KZL002	1	tyeA	pCD1
KZL002	1	lcrE	pCD1
KZL002	1	yscN	pCD1
KZL002	1	yscO	pCD1
KZL002	1	yscP	pCD1
KZL002	1	yscQ	pCD1
KZL002	1	yscR	pCD1
KZL002	1	yscS	pCD1
KZL002	1	yscT	pCD1
KZL002	1	yscU	pCD1
KZL002	1	virG	pCD1
KZL002	1	virF	pCD1
KZL002	1	yscB	pCD1
KZL002	1	yscC	pCD1
KZL002	1	yscG	pCD1
KZL002	1	yopR	pCD1
KZL002	1	lcrO	pCD1
KZL002	1	ylpB	pCD1
KZL002	1	yscK	pCD1
KZL002	1	yscL	pCD1
KZL002	1	yopH	pCD1
KZL002	1	yopJ	pCD1
KZL002	1	ypkA	pCD1
KZL002	1	yadA%27	pCD1
MIB054	1	yopE	pCD1
MIB054	1	yopK/yopQ	pCD1
MIB054	1	yopT	pCD1
MIB054	1	yopM	pCD1
MIB054	1	yopD	pCD1
MIB054	1	yopB	pCD1
MIB054	1	lcrV	pCD1
MIB054	1	lcrG	pCD1
MIB054	1	lcrR	pCD1
MIB054	1	yscV	pCD1
MIB054	1	yscY	pCD1
MIB054	1	yscX	pCD1
MIB054	1	sycN	pCD1
MIB054	1	tyeA	pCD1
MIB054	1	lcrE	pCD1
MIB054	1	yscN	pCD1
MIB054	1	yscO	pCD1
MIB054	1	yscP	pCD1
MIB054	1	yscQ	pCD1
MIB054	1	yscR	pCD1
MIB054	1	yscS	pCD1
MIB054	1	yscT	pCD1
MIB054	1	yscU	pCD1
MIB054	1	virG	pCD1
MIB054	1	virF	pCD1
MIB054	1	yscB	pCD1
MIB054	1	yscC	pCD1
MIB054	1	yscG	pCD1
MIB054	1	yopR	pCD1
MIB054	1	lcrO	pCD1
MIB054	1	ylpB	pCD1
MIB054	1	yscK	pCD1
MIB054	1	yscL	pCD1
MIB054	1	yopH	pCD1
MIB054	1	yopJ	pCD1
MIB054	1	ypkA	pCD1
MIB054	1	yadA%27	pCD1
OOH003	1	yopE	pCD1
OOH003	1	yopK/yopQ	pCD1
OOH003	1	yopT	pCD1
OOH003	1	yopM	pCD1
OOH003	1	yopD	pCD1
OOH003	0.9892116	yopB	pCD1
OOH003	1	lcrV	pCD1
OOH003	1	lcrG	pCD1
OOH003	1	lcrR	pCD1
OOH003	1	yscV	pCD1
OOH003	1	yscY	pCD1
OOH003	1	yscX	pCD1
OOH003	1	sycN	pCD1
OOH003	1	tyeA	pCD1
OOH003	1	lcrE	pCD1
OOH003	1	yscN	pCD1
OOH003	1	yscO	pCD1
OOH003	1	yscP	pCD1
OOH003	1	yscQ	pCD1
OOH003	1	yscR	pCD1
OOH003	1	yscS	pCD1
OOH003	1	yscT	pCD1
OOH003	1	yscU	pCD1
OOH003	1	virG	pCD1
OOH003	1	virF	pCD1
OOH003	1	yscB	pCD1
OOH003	1	yscC	pCD1
OOH003	1	yscG	pCD1
OOH003	1	yopR	pCD1
OOH003	1	lcrO	pCD1
OOH003	1	ylpB	pCD1
OOH003	1	yscK	pCD1
OOH003	1	yscL	pCD1
OOH003	1	yopH	pCD1
OOH003	1	yopJ	pCD1
OOH003	1	ypkA	pCD1
OOH003	1	yadA%27	pCD1
RISE505	1	yopE	pCD1
RISE505	1	yopK/yopQ	pCD1
RISE505	1	yopT	pCD1
RISE505	1	yopM	pCD1
RISE505	1	yopD	pCD1
RISE505	1	yopB	pCD1
RISE505	1	lcrV	pCD1
RISE505	1	lcrG	pCD1
RISE505	1	lcrR	pCD1
RISE505	1	yscV	pCD1
RISE505	1	yscY	pCD1
RISE505	1	yscX	pCD1
RISE505	1	sycN	pCD1
RISE505	1	tyeA	pCD1
RISE505	1	lcrE	pCD1
RISE505	1	yscN	pCD1
RISE505	1	yscO	pCD1
RISE505	1	yscP	pCD1
RISE505	1	yscQ	pCD1
RISE505	1	yscR	pCD1
RISE505	1	yscS	pCD1
RISE505	1	yscT	pCD1
RISE505	1	yscU	pCD1
RISE505	1	virG	pCD1
RISE505	1	virF	pCD1
RISE505	1	yscB	pCD1
RISE505	1	yscC	pCD1
RISE505	1	yscG	pCD1
RISE505	1	yopR	pCD1
RISE505	1	lcrO	pCD1
RISE505	1	ylpB	pCD1
RISE505	1	yscK	pCD1
RISE505	1	yscL	pCD1
RISE505	1	yopH	pCD1
RISE505	1	yopJ	pCD1
RISE505	1	ypkA	pCD1
RISE505	1	yadA%27	pCD1
RISE509	1	yopE	pCD1
RISE509	1	yopK/yopQ	pCD1
RISE509	1	yopT	pCD1
RISE509	1	yopM	pCD1
RISE509	1	yopD	pCD1
RISE509	1	yopB	pCD1
RISE509	1	lcrV	pCD1
RISE509	1	lcrG	pCD1
RISE509	1	lcrR	pCD1
RISE509	1	yscV	pCD1
RISE509	1	yscY	pCD1
RISE509	1	yscX	pCD1
RISE509	1	sycN	pCD1
RISE509	1	tyeA	pCD1
RISE509	1	lcrE	pCD1
RISE509	1	yscN	pCD1
RISE509	1	yscO	pCD1
RISE509	1	yscP	pCD1
RISE509	1	yscQ	pCD1
RISE509	1	yscR	pCD1
RISE509	1	yscS	pCD1
RISE509	1	yscT	pCD1
RISE509	1	yscU	pCD1
RISE509	1	virG	pCD1
RISE509	1	virF	pCD1
RISE509	1	yscB	pCD1
RISE509	1	yscC	pCD1
RISE509	1	yscG	pCD1
RISE509	1	yopR	pCD1
RISE509	1	lcrO	pCD1
RISE509	1	ylpB	pCD1
RISE509	1	yscK	pCD1
RISE509	1	yscL	pCD1
RISE509	1	yopH	pCD1
RISE509	1	yopJ	pCD1
RISE509	1	ypkA	pCD1
RISE509	1	yadA%27	pCD1
RK1001	0.9939302	yopE	pCD1
RK1001	0.7937956	yopK/yopQ	pCD1
RK1001	1	yopT	pCD1
RK1001	0.9324654	yopM	pCD1
RK1001	0.976087	yopD	pCD1
RK1001	0.9842324	yopB	pCD1
RK1001	0.8785715	lcrV	pCD1
RK1001	1	lcrG	pCD1
RK1001	1	lcrR	pCD1
RK1001	0.9824976	yscV	pCD1
RK1001	1	yscY	pCD1
RK1001	1	yscX	pCD1
RK1001	1	sycN	pCD1
RK1001	1	tyeA	pCD1
RK1001	0.9602724	lcrE	pCD1
RK1001	0.9742229	yscN	pCD1
RK1001	1	yscO	pCD1
RK1001	0.9846379	yscP	pCD1
RK1001	1	yscQ	pCD1
RK1001	0.9540582	yscR	pCD1
RK1001	1	yscS	pCD1
RK1001	0.9949045	yscT	pCD1
RK1001	0.9924812	yscU	pCD1
RK1001	0.8734177	virG	pCD1
RK1001	0.9141104	virF	pCD1
RK1001	1	yscB	pCD1
RK1001	0.9720241	yscC	pCD1
RK1001	0.9942363	yscG	pCD1
RK1001	0.8953722	yopR	pCD1
RK1001	0.9682997	lcrO	pCD1
RK1001	0.9550409	ylpB	pCD1
RK1001	1	yscK	pCD1
RK1001	1	yscL	pCD1
RK1001	0.9978663	yopH	pCD1
RK1001	0.8221709	yopJ	pCD1
RK1001	0.9868062	ypkA	pCD1
RK1001	0.9923254	yadA%27	pCD1
RT5	1	yopE	pCD1
RT5	1	yopK/yopQ	pCD1
RT5	1	yopT	pCD1
RT5	1	yopM	pCD1
RT5	1	yopD	pCD1
RT5	1	yopB	pCD1
RT5	1	lcrV	pCD1
RT5	1	lcrG	pCD1
RT5	1	lcrR	pCD1
RT5	1	yscV	pCD1
RT5	1	yscY	pCD1
RT5	1	yscX	pCD1
RT5	1	sycN	pCD1
RT5	1	tyeA	pCD1
RT5	1	lcrE	pCD1
RT5	1	yscN	pCD1
RT5	1	yscO	pCD1
RT5	1	yscP	pCD1
RT5	1	yscQ	pCD1
RT5	1	yscR	pCD1
RT5	1	yscS	pCD1
RT5	1	yscT	pCD1
RT5	1	yscU	pCD1
RT5	1	virG	pCD1
RT5	1	virF	pCD1
RT5	1	yscB	pCD1
RT5	1	yscC	pCD1
RT5	1	yscG	pCD1
RT5	1	yopR	pCD1
RT5	1	lcrO	pCD1
RT5	1	ylpB	pCD1
RT5	1	yscK	pCD1
RT5	1	yscL	pCD1
RT5	1	yopH	pCD1
RT5	1	yopJ	pCD1
RT5	1	ypkA	pCD1
RT5	1	yadA%27	pCD1
VLI092	1	yopE	pCD1
VLI092	0.9927008	yopK/yopQ	pCD1
VLI092	1	yopT	pCD1
VLI092	1	yopM	pCD1
VLI092	1	yopD	pCD1
VLI092	0.966805	yopB	pCD1
VLI092	1	lcrV	pCD1
VLI092	1	lcrG	pCD1
VLI092	1	lcrR	pCD1
VLI092	1	yscV	pCD1
VLI092	1	yscY	pCD1
VLI092	1	yscX	pCD1
VLI092	1	sycN	pCD1
VLI092	1	tyeA	pCD1
VLI092	1	lcrE	pCD1
VLI092	1	yscN	pCD1
VLI092	1	yscO	pCD1
VLI092	1	yscP	pCD1
VLI092	1	yscQ	pCD1
VLI092	1	yscR	pCD1
VLI092	1	yscS	pCD1
VLI092	1	yscT	pCD1
VLI092	1	yscU	pCD1
VLI092	1	virG	pCD1
VLI092	1	virF	pCD1
VLI092	1	yscB	pCD1
VLI092	1	yscC	pCD1
VLI092	1	yscG	pCD1
VLI092	1	yopR	pCD1
VLI092	1	lcrO	pCD1
VLI092	1	ylpB	pCD1
VLI092	1	yscK	pCD1
VLI092	1	yscL	pCD1
VLI092	1	yopH	pCD1
VLI092	1	yopJ	pCD1
VLI092	1	ypkA	pCD1
VLI092	1	yadA%27	pCD1
Y.pseudo	1	yopE	pCD1
Y.pseudo	1	yopK/yopQ	pCD1
Y.pseudo	1	yopT	pCD1
Y.pseudo	0.7347437	yopM	pCD1
Y.pseudo	1	yopD	pCD1
Y.pseudo	1	yopB	pCD1
Y.pseudo	0.9887755	lcrV	pCD1
Y.pseudo	1	lcrG	pCD1
Y.pseudo	1	lcrR	pCD1
Y.pseudo	1	yscV	pCD1
Y.pseudo	1	yscY	pCD1
Y.pseudo	1	yscX	pCD1
Y.pseudo	1	sycN	pCD1
Y.pseudo	1	tyeA	pCD1
Y.pseudo	1	lcrE	pCD1
Y.pseudo	1	yscN	pCD1
Y.pseudo	1	yscO	pCD1
Y.pseudo	1	yscP	pCD1
Y.pseudo	1	yscQ	pCD1
Y.pseudo	1	yscR	pCD1
Y.pseudo	1	yscS	pCD1
Y.pseudo	1	yscT	pCD1
Y.pseudo	1	yscU	pCD1
Y.pseudo	1	virG	pCD1
Y.pseudo	1	virF	pCD1
Y.pseudo	1	yscB	pCD1
Y.pseudo	1	yscC	pCD1
Y.pseudo	1	yscG	pCD1
Y.pseudo	1	yopR	pCD1
Y.pseudo	1	lcrO	pCD1
Y.pseudo	1	ylpB	pCD1
Y.pseudo	1	yscK	pCD1
Y.pseudo	1	yscL	pCD1
Y.pseudo	1	yopH	pCD1
Y.pseudo	1	yopJ	pCD1
Y.pseudo	1	ypkA	pCD1
Y.pseudo	0.9485802	yadA%27	pCD1
1343UNTA85	1	YPMT1.43c	pMT1
1343UNTA85	0	YPMT1.66c	pMT1
1343UNTA85	0	ymt	pMT1
1343UNTA85	1	caf1M	pMT1
1343UNTA85	1	caf1A	pMT1
1343UNTA85	1	F1 capsule	pMT1
6POST	0.9968944	YPMT1.43c	pMT1
6POST	0	YPMT1.66c	pMT1
6POST	0	ymt	pMT1
6POST	1	caf1M	pMT1
6POST	0.9868053	caf1A	pMT1
6POST	1	F1 capsule	pMT1
ARS007	0.9161491	YPMT1.43c	pMT1
ARS007	0	YPMT1.66c	pMT1
ARS007	0	ymt	pMT1
ARS007	0.8814433	caf1M	pMT1
ARS007	0.7604958	caf1A	pMT1
ARS007	0.7871094	F1 capsule	pMT1
CHC004	1	YPMT1.43c	pMT1
CHC004	0	YPMT1.66c	pMT1
CHC004	0	ymt	pMT1
CHC004	0.9858248	caf1M	pMT1
CHC004	0.9196321	caf1A	pMT1
CHC004	0.9726562	F1 capsule	pMT1
CO92	1	YPMT1.43c	pMT1
CO92	1	YPMT1.66c	pMT1
CO92	1	ymt	pMT1
CO92	1	caf1M	pMT1
CO92	1	caf1A	pMT1
CO92	1	F1 capsule	pMT1
GEN_72	1	YPMT1.43c	pMT1
GEN_72	0	YPMT1.66c	pMT1
GEN_72	0	ymt	pMT1
GEN_72	1	caf1M	pMT1
GEN_72	0.9564174	caf1A	pMT1
GEN_72	0.9902344	F1 capsule	pMT1
GLZ001	1	YPMT1.43c	pMT1
GLZ001	0	YPMT1.66c	pMT1
GLZ001	0	ymt	pMT1
GLZ001	1	caf1M	pMT1
GLZ001	0.9568173	caf1A	pMT1
GLZ001	0.9921875	F1 capsule	pMT1
GLZ002	1	YPMT1.43c	pMT1
GLZ002	0	YPMT1.66c	pMT1
GLZ002	0	ymt	pMT1
GLZ002	1	caf1M	pMT1
GLZ002	0.9760096	caf1A	pMT1
GLZ002	1	F1 capsule	pMT1
GRS004	1	YPMT1.43c	pMT1
GRS004	0	YPMT1.66c	pMT1
GRS004	0	ymt	pMT1
GRS004	1	caf1M	pMT1
GRS004	1	caf1A	pMT1
GRS004	0.9824219	F1 capsule	pMT1
Gyvakarai	0.9782609	YPMT1.43c	pMT1
Gyvakarai	0	YPMT1.66c	pMT1
Gyvakarai	0	ymt	pMT1
Gyvakarai	1	caf1M	pMT1
Gyvakarai	1	caf1A	pMT1
Gyvakarai	1	F1 capsule	pMT1
HOP001	1	YPMT1.43c	pMT1
HOP001	0	YPMT1.66c	pMT1
HOP001	0	ymt	pMT1
HOP001	1	caf1M	pMT1
HOP001	1	caf1A	pMT1
HOP001	1	F1 capsule	pMT1
HOP004	1	YPMT1.43c	pMT1
HOP004	0	YPMT1.66c	pMT1
HOP004	0	ymt	pMT1
HOP004	1	caf1M	pMT1
HOP004	1	caf1A	pMT1
HOP004	1	F1 capsule	pMT1
I2470	1	YPMT1.43c	pMT1
I2470	1	YPMT1.66c	pMT1
I2470	0.9733409	ymt	pMT1
I2470	1	caf1M	pMT1
I2470	0.9852059	caf1A	pMT1
I2470	1	F1 capsule	pMT1
I5884	1	YPMT1.43c	pMT1
I5884	0	YPMT1.66c	pMT1
I5884	0	ymt	pMT1
I5884	0.9858248	caf1M	pMT1
I5884	0.9728109	caf1A	pMT1
I5884	0.9863281	F1 capsule	pMT1
KLE031	1	YPMT1.43c	pMT1
KLE031	0	YPMT1.66c	pMT1
KLE031	0	ymt	pMT1
KLE031	1	caf1M	pMT1
KLE031	0.9720112	caf1A	pMT1
KLE031	1	F1 capsule	pMT1
KLE048	1	YPMT1.43c	pMT1
KLE048	0	YPMT1.66c	pMT1
KLE048	0	ymt	pMT1
KLE048	1	caf1M	pMT1
KLE048	0.9880048	caf1A	pMT1
KLE048	1	F1 capsule	pMT1
KLZ001	1	YPMT1.43c	pMT1
KLZ001	0	YPMT1.66c	pMT1
KLZ001	0	ymt	pMT1
KLZ001	0.9304124	caf1M	pMT1
KLZ001	0.8852459	caf1A	pMT1
KLZ001	0.9863281	F1 capsule	pMT1
KNK001	0.8850932	YPMT1.43c	pMT1
KNK001	0	YPMT1.66c	pMT1
KNK001	0	ymt	pMT1
KNK001	0.9033505	caf1M	pMT1
KNK001	0.7728909	caf1A	pMT1
KNK001	0.7285156	F1 capsule	pMT1
KunilaII	0.984472	YPMT1.43c	pMT1
KunilaII	0	YPMT1.66c	pMT1
KunilaII	0	ymt	pMT1
KunilaII	0.9884021	caf1M	pMT1
KunilaII	0.9772091	caf1A	pMT1
KunilaII	0.9960938	F1 capsule	pMT1
KZL002	1	YPMT1.43c	pMT1
KZL002	0	YPMT1.66c	pMT1
KZL002	0	ymt	pMT1
KZL002	1	caf1M	pMT1
KZL002	0.9960016	caf1A	pMT1
KZL002	1	F1 capsule	pMT1
MIB054	1	YPMT1.43c	pMT1
MIB054	0.0329277	YPMT1.66c	pMT1
MIB054	0	ymt	pMT1
MIB054	1	caf1M	pMT1
MIB054	1	caf1A	pMT1
MIB054	1	F1 capsule	pMT1
OOH003	1	YPMT1.43c	pMT1
OOH003	0.0214746	YPMT1.66c	pMT1
OOH003	0	ymt	pMT1
OOH003	1	caf1M	pMT1
OOH003	1	caf1A	pMT1
OOH003	1	F1 capsule	pMT1
RISE505	1	YPMT1.43c	pMT1
RISE505	0	YPMT1.66c	pMT1
RISE505	0	ymt	pMT1
RISE505	1	caf1M	pMT1
RISE505	1	caf1A	pMT1
RISE505	1	F1 capsule	pMT1
RISE509	1	YPMT1.43c	pMT1
RISE509	0	YPMT1.66c	pMT1
RISE509	0.0164492	ymt	pMT1
RISE509	1	caf1M	pMT1
RISE509	0.9996002	caf1A	pMT1
RISE509	1	F1 capsule	pMT1
RK1001	0.9363354	YPMT1.43c	pMT1
RK1001	0	YPMT1.66c	pMT1
RK1001	0	ymt	pMT1
RK1001	0.8273196	caf1M	pMT1
RK1001	0.7417033	caf1A	pMT1
RK1001	0.6367188	F1 capsule	pMT1
RT5	1	YPMT1.43c	pMT1
RT5	1	YPMT1.66c	pMT1
RT5	0.997164	ymt	pMT1
RT5	1	caf1M	pMT1
RT5	1	caf1A	pMT1
RT5	1	F1 capsule	pMT1
VLI092	1	YPMT1.43c	pMT1
VLI092	0	YPMT1.66c	pMT1
VLI092	0	ymt	pMT1
VLI092	1	caf1M	pMT1
VLI092	1	caf1A	pMT1
VLI092	1	F1 capsule	pMT1
Y.pseudo	0	YPMT1.43c	pMT1
Y.pseudo	0	YPMT1.66c	pMT1
Y.pseudo	0	ymt	pMT1
Y.pseudo	0	caf1M	pMT1
Y.pseudo	0	caf1A	pMT1
Y.pseudo	0	F1 capsule	pMT1
1343UNTA85	1	pla	pPCP1
6POST	1	pla	pPCP1
ARS007	0.8390192	pla	pPCP1
CHC004	1	pla	pPCP1
CO92	1	pla	pPCP1
GEN_72	1	pla	pPCP1
GLZ001	1	pla	pPCP1
GLZ002	1	pla	pPCP1
GRS004	1	pla	pPCP1
Gyvakarai	1	pla	pPCP1
HOP001	1	pla	pPCP1
HOP004	1	pla	pPCP1
I2470	1	pla	pPCP1
I5884	1	pla	pPCP1
KLE031	1	pla	pPCP1
KLE048	1	pla	pPCP1
KLZ001	1	pla	pPCP1
KNK001	0.9968017	pla	pPCP1
KunilaII	1	pla	pPCP1
KZL002	1	pla	pPCP1
MIB054	1	pla	pPCP1
OOH003	1	pla	pPCP1
RISE505	1	pla	pPCP1
RISE509	1	pla	pPCP1
RK1001	0.9850746	pla	pPCP1
RT5	1	pla	pPCP1
VLI092	1	pla	pPCP1
Y.pseudo	0	pla	pPCP1